z,shell,ionization energy (eV)
1,1,1.36000E+01
2,1,2.45900E+01
3,1,5.80000E+01
3,2,5.39200E+00
4,1,1.15000E+02
4,2,9.32200E+00
5,1,1.92000E+02
5,2,1.13860E+01
5,3,1.13860E+01
6,1,2.88000E+02
6,2,1.65900E+01
6,3,1.12600E+01
7,1,4.03000E+02
7,2,2.03300E+01
7,3,1.45300E+01
7,4,1.45300E+01
8,1,5.38000E+02
8,2,2.84800E+01
8,3,1.36200E+01
8,4,1.36200E+01
9,1,6.94000E+02
9,2,3.78500E+01
9,3,1.74200E+01
9,4,1.74200E+01
10,1,8.70100E+02
10,2,4.84700E+01
10,3,2.16600E+01
10,4,2.15600E+01
11,1,1.07500E+03
11,2,6.60000E+01
11,3,3.40000E+01
11,4,3.40000E+01
11,5,5.13900E+00
12,1,1.30800E+03
12,2,9.20000E+01
12,3,5.40000E+01
12,4,5.40000E+01
12,5,7.64600E+00
13,1,1.56400E+03
13,2,1.21000E+02
13,3,7.70000E+01
13,4,7.70000E+01
13,5,9.07500E+00
13,6,9.07500E+00
14,1,1.84400E+03
14,2,1.54000E+02
14,3,1.04000E+02
14,4,1.04000E+02
14,5,1.34600E+01
14,6,8.15100E+00
15,1,2.14800E+03
15,2,1.91000E+02
15,3,1.35000E+02
15,4,1.34000E+02
15,5,1.61500E+01
15,6,1.04900E+01
15,7,1.04900E+01
16,1,2.47600E+03
16,2,2.32000E+02
16,3,1.70000E+02
16,4,1.68000E+02
16,5,2.02000E+01
16,6,1.03600E+01
16,7,1.03600E+01
17,1,2.82900E+03
17,2,2.77000E+02
17,3,2.08000E+02
17,4,2.06000E+02
17,5,2.45400E+01
17,6,1.29700E+01
17,7,1.29700E+01
18,1,3.20630E+03
18,2,3.26500E+02
18,3,2.50600E+02
18,4,2.48500E+02
18,5,2.92400E+01
18,6,1.59400E+01
18,7,1.57600E+01
19,1,3.61000E+03
19,2,3.81000E+02
19,3,2.99000E+02
19,4,2.96000E+02
19,5,3.70000E+01
19,6,1.90000E+01
19,7,1.87000E+01
19,10,4.34100E+00
20,1,4.04100E+03
20,2,4.41000E+02
20,3,3.53000E+02
20,4,3.49000E+02
20,5,4.60000E+01
20,6,2.80000E+01
20,7,2.80000E+01
20,10,6.11300E+00
21,1,4.49400E+03
21,2,5.03000E+02
21,3,4.08000E+02
21,4,4.03000E+02
21,5,5.50000E+01
21,6,3.30000E+01
21,7,3.30000E+01
21,8,7.02700E+00
21,10,7.02700E+00
22,1,4.97000E+03
22,2,5.67000E+02
22,3,4.65000E+02
22,4,4.59000E+02
22,5,6.40000E+01
22,6,3.90000E+01
22,7,3.80000E+01
22,8,8.00000E+00
22,10,6.82000E+00
23,1,5.47000E+03
23,2,6.33000E+02
23,3,5.25000E+02
23,4,5.18000E+02
23,5,7.20000E+01
23,6,4.40000E+01
23,7,4.30000E+01
23,8,8.00000E+00
23,10,6.74000E+00
24,1,5.99500E+03
24,2,7.02000E+02
24,3,5.89000E+02
24,4,5.80000E+02
24,5,8.00000E+01
24,6,4.90000E+01
24,7,4.80000E+01
24,8,8.25000E+00
24,9,7.50800E+00
24,10,7.50800E+00
25,1,6.54400E+03
25,2,7.55000E+02
25,3,6.56000E+02
25,4,6.45000E+02
25,5,8.90000E+01
25,6,5.50000E+01
25,7,5.30000E+01
25,8,9.00000E+00
25,9,9.00000E+00
25,10,7.43400E+00
26,1,7.11700E+03
26,2,8.51000E+02
26,3,7.26000E+02
26,4,7.13000E+02
26,5,9.80000E+01
26,6,6.10000E+01
26,7,5.90000E+01
26,8,9.00000E+00
26,9,9.00000E+00
26,10,7.87000E+00
27,1,7.71500E+03
27,2,9.31000E+02
27,3,8.00000E+02
27,4,7.85000E+02
27,5,1.07000E+02
27,6,6.80000E+01
27,7,6.60000E+01
27,8,9.00000E+00
27,9,9.00000E+00
27,10,7.86400E+00
28,1,8.33800E+03
28,2,1.01500E+03
28,3,8.77000E+02
28,4,8.60000E+02
28,5,1.17000E+02
28,6,7.50000E+01
28,7,7.30000E+01
28,8,1.00000E+01
28,9,1.00000E+01
28,10,7.63500E+00
29,1,8.98600E+03
29,2,1.10300E+03
29,3,9.58000E+02
29,4,9.38000E+02
29,5,1.27000E+02
29,6,8.20000E+01
29,7,8.00000E+01
29,8,1.10000E+01
29,9,1.04000E+01
29,10,7.72600E+00
30,1,9.66300E+03
30,2,1.19800E+03
30,3,1.04700E+03
30,4,1.02400E+03
30,5,1.41000E+02
30,6,9.40000E+01
30,7,9.10000E+01
30,8,1.20000E+01
30,9,1.12000E+01
30,10,9.39400E+00
31,1,1.03710E+04
31,2,1.30200E+03
31,3,1.14600E+03
31,4,1.11900E+03
31,5,1.62000E+02
31,6,1.11000E+02
31,7,1.07000E+02
31,8,2.10000E+01
31,9,2.00000E+01
31,10,9.33300E+00
31,11,9.33300E+00
32,1,1.11070E+04
32,2,1.41300E+03
32,3,1.25100E+03
32,4,1.22000E+03
32,5,1.84000E+02
32,6,1.30000E+02
32,7,1.25000E+02
32,8,3.30000E+01
32,9,3.20000E+01
32,10,1.43000E+01
32,11,7.90000E+00
33,1,1.18710E+04
33,2,1.53100E+03
33,3,1.36200E+03
33,4,1.32700E+03
33,5,2.08000E+02
33,6,1.51000E+02
33,7,1.45000E+02
33,8,4.60000E+01
33,9,4.50000E+01
33,10,1.70000E+01
33,11,9.81000E+00
33,12,9.81000E+00
34,1,1.26620E+04
34,2,1.65600E+03
34,3,1.47900E+03
34,4,1.43900E+03
34,5,2.34000E+02
34,6,1.73000E+02
34,7,1.66000E+02
34,8,6.10000E+01
34,9,6.00000E+01
34,10,2.01500E+01
34,11,9.75000E+00
34,12,9.75000E+00
35,1,1.34810E+04
35,2,1.78700E+03
35,3,1.60200E+03
35,4,1.55600E+03
35,5,2.62000E+02
35,6,1.97000E+02
35,7,1.89000E+02
35,8,7.70000E+01
35,9,7.60000E+01
35,10,2.38000E+01
35,11,1.18500E+01
35,12,1.18500E+01
36,1,1.43270E+04
36,2,1.92460E+03
36,3,1.73090E+03
36,4,1.67840E+03
36,5,2.92800E+02
36,6,2.22200E+02
36,7,2.14400E+02
36,8,9.50000E+01
36,9,9.38000E+01
36,10,2.75100E+01
36,11,1.46500E+01
36,12,1.40000E+01
37,1,1.52030E+04
37,2,2.06800E+03
37,3,1.86700E+03
37,4,1.80700E+03
37,5,3.25000E+02
37,6,2.51000E+02
37,7,2.42000E+02
37,8,1.16000E+02
37,9,1.14000E+02
37,10,3.20000E+01
37,11,1.60000E+01
37,12,1.53000E+01
37,17,4.18000E+00
38,1,1.61080E+04
38,2,2.21900E+03
38,3,2.01000E+03
38,4,1.94300E+03
38,5,3.61000E+02
38,6,2.83000E+02
38,7,2.73000E+02
38,8,1.39000E+02
38,9,1.37000E+02
38,10,4.00000E+01
38,11,2.30000E+01
38,12,2.20000E+01
38,17,5.69000E+00
39,1,1.70410E+04
39,2,2.37500E+03
39,3,2.15800E+03
39,4,2.08300E+03
39,5,3.97000E+02
39,6,3.15000E+02
39,7,3.04000E+02
39,8,1.63000E+02
39,9,1.61000E+02
39,10,4.80000E+01
39,11,3.00000E+01
39,12,2.90000E+01
39,13,6.45000E+00
39,17,6.45000E+00
40,1,1.80020E+04
40,2,2.53600E+03
40,3,2.31100E+03
40,4,2.22700E+03
40,5,4.34000E+02
40,6,3.48000E+02
40,7,3.35000E+02
40,8,1.87000E+02
40,9,1.85000E+02
40,10,5.60000E+01
40,11,3.50000E+01
40,12,3.30000E+01
40,13,7.72500E+00
40,17,7.72500E+00
41,1,1.89900E+04
41,2,2.70200E+03
41,3,2.46900E+03
41,4,2.37500E+03
41,5,4.72000E+02
41,6,3.82000E+02
41,7,3.67000E+02
41,8,2.12000E+02
41,9,2.09000E+02
41,10,6.20000E+01
41,11,4.00000E+01
41,12,3.80000E+01
41,13,7.17000E+00
41,17,7.07300E+00
42,1,2.00060E+04
42,2,2.87200E+03
42,3,2.63200E+03
42,4,2.52700E+03
42,5,5.11000E+02
42,6,4.16000E+02
42,7,3.99000E+02
42,8,2.37000E+02
42,9,2.34000E+02
42,10,6.80000E+01
42,11,4.50000E+01
42,12,4.20000E+01
42,13,8.31700E+00
42,14,8.31700E+00
42,17,8.31700E+00
43,1,2.10500E+04
43,2,3.04800E+03
43,3,2.80000E+03
43,4,2.68300E+03
43,5,5.51000E+02
43,6,4.51000E+02
43,7,4.32000E+02
43,8,2.63000E+02
43,9,2.59000E+02
43,10,7.40000E+01
43,11,4.90000E+01
43,12,4.50000E+01
43,13,8.60000E+00
43,14,8.27000E+00
43,17,8.27000E+00
44,1,2.21230E+04
44,2,3.23000E+03
44,3,2.97300E+03
44,4,2.84400E+03
44,5,5.92000E+02
44,6,4.88000E+02
44,7,4.66000E+02
44,8,2.90000E+02
44,9,2.86000E+02
44,10,8.10000E+01
44,11,5.30000E+01
44,12,4.90000E+01
44,13,8.50000E+00
44,14,8.12300E+00
44,17,8.12300E+00
45,1,2.32250E+04
45,2,3.41800E+03
45,3,3.15200E+03
45,4,3.01000E+03
45,5,6.34000E+02
45,6,5.26000E+02
45,7,5.01000E+02
45,8,3.18000E+02
45,9,3.13000E+02
45,10,8.70000E+01
45,11,5.80000E+01
45,12,5.30000E+01
45,13,9.56000E+00
45,14,8.86000E+00
45,17,8.86000E+00
46,1,2.43570E+04
46,2,3.61100E+03
46,3,3.33700E+03
46,4,3.18000E+03
46,5,6.77000E+02
46,6,5.65000E+02
46,7,5.37000E+02
46,8,3.47000E+02
46,9,3.42000E+02
46,10,9.30000E+01
46,11,6.30000E+01
46,12,5.70000E+01
46,13,8.56000E+00
46,14,8.34000E+00
47,1,2.55200E+04
47,2,3.81200E+03
47,3,3.53000E+03
47,4,3.35700E+03
47,5,7.24000E+02
47,6,6.08000E+02
47,7,5.77000E+02
47,8,3.79000E+02
47,9,3.73000E+02
47,10,1.01000E+02
47,11,6.90000E+01
47,12,6.30000E+01
47,13,1.10000E+01
47,14,1.00000E+01
47,17,7.58000E+00
48,1,2.67150E+04
48,2,4.02200E+03
48,3,3.73200E+03
48,4,3.54200E+03
48,5,7.75000E+02
48,6,6.55000E+02
48,7,6.21000E+02
48,8,4.15000E+02
48,9,4.08000E+02
48,10,1.12000E+02
48,11,7.80000E+01
48,12,7.10000E+01
48,13,1.40000E+01
48,14,1.30000E+01
48,17,8.99000E+00
49,1,2.79440E+04
49,2,4.24200E+03
49,3,3.94300E+03
49,4,3.73500E+03
49,5,8.30000E+02
49,6,7.07000E+02
49,7,6.69000E+02
49,8,4.55000E+02
49,9,4.47000E+02
49,10,1.26000E+02
49,11,9.00000E+01
49,12,8.20000E+01
49,13,2.10000E+01
49,14,2.00000E+01
49,17,8.59700E+00
49,18,8.59700E+00
50,1,2.92040E+04
50,2,4.46900E+03
50,3,4.16000E+03
50,4,3.93300E+03
50,5,8.88000E+02
50,6,7.61000E+02
50,7,7.19000E+02
50,8,4.97000E+02
50,9,4.89000E+02
50,10,1.41000E+02
50,11,1.02000E+02
50,12,9.30000E+01
50,13,2.90000E+01
50,14,2.80000E+01
50,17,1.20000E+01
50,18,7.34000E+00
51,1,3.04960E+04
51,2,4.70300E+03
51,3,4.38500E+03
51,4,4.13700E+03
51,5,9.49000E+02
51,6,8.17000E+02
51,7,7.71000E+02
51,8,5.42000E+02
51,9,5.33000E+02
51,10,1.57000E+02
51,11,1.14000E+02
51,12,1.04000E+02
51,13,3.80000E+01
51,14,3.70000E+01
51,17,1.50000E+01
51,18,8.64000E+00
51,19,8.64000E+00
52,1,3.18200E+04
52,2,4.94500E+03
52,3,4.61800E+03
52,4,4.34700E+03
52,5,1.01200E+03
52,6,8.76000E+02
52,7,8.25000E+02
52,8,5.89000E+02
52,9,5.78000E+02
52,10,1.74000E+02
52,11,1.27000E+02
52,12,1.17000E+02
52,13,4.80000E+01
52,14,4.60000E+01
52,17,1.78400E+01
52,18,9.01000E+00
52,19,9.01000E+00
53,1,3.31760E+04
53,2,5.19500E+03
53,3,4.85800E+03
53,4,4.56300E+03
53,5,1.07800E+03
53,6,9.37000E+02
53,7,8.81000E+02
53,8,6.38000E+02
53,9,6.26000E+02
53,10,1.93000E+02
53,11,1.41000E+02
53,12,1.31000E+02
53,13,5.80000E+01
53,14,5.60000E+01
53,17,2.06100E+01
53,18,1.04500E+01
53,19,1.04500E+01
54,1,3.45650E+04
54,2,5.45320E+03
54,3,5.10720E+03
54,4,4.78730E+03
54,5,1.14870E+03
54,6,1.00210E+03
54,7,9.40600E+02
54,8,6.89000E+02
54,9,6.76400E+02
54,10,2.13200E+02
54,11,1.57000E+02
54,12,1.45500E+02
54,13,6.95000E+01
54,14,6.75000E+01
54,17,2.33900E+01
54,18,1.34300E+01
54,19,1.21300E+01
55,1,3.59870E+04
55,2,5.71700E+03
55,3,5.36200E+03
55,4,5.01400E+03
55,5,1.22000E+03
55,6,1.06800E+03
55,7,1.00000E+03
55,8,7.42000E+02
55,9,7.28000E+02
55,10,2.33000E+02
55,11,1.74000E+02
55,12,1.64000E+02
55,13,8.10000E+01
55,14,7.90000E+01
55,17,2.50000E+01
55,18,1.40000E+01
55,19,1.23000E+01
55,24,3.89000E+00
56,1,3.74420E+04
56,2,5.99100E+03
56,3,5.62600E+03
56,4,5.24900E+03
56,5,1.29300E+03
56,6,1.13800E+03
56,7,1.06300E+03
56,8,7.97000E+02
56,9,7.82000E+02
56,10,2.54000E+02
56,11,1.93000E+02
56,12,1.81000E+02
56,13,9.40000E+01
56,14,9.20000E+01
56,17,3.10000E+01
56,18,1.80000E+01
56,19,1.60000E+01
56,24,5.21000E+00
57,1,3.89280E+04
57,2,6.26900E+03
57,3,5.89400E+03
57,4,5.48600E+03
57,5,1.36500E+03
57,6,1.20700E+03
57,7,1.12400E+03
57,8,8.51000E+02
57,9,8.34000E+02
57,10,2.73000E+02
57,11,2.10000E+02
57,12,1.96000E+02
57,13,1.05000E+02
57,14,1.03000E+02
57,17,3.60000E+01
57,18,2.20000E+01
57,19,1.90000E+01
57,20,5.63700E+00
57,24,5.63700E+00
58,1,4.04460E+04
58,2,6.55200E+03
58,3,6.16700E+03
58,4,5.72600E+03
58,5,1.43700E+03
58,6,1.27500E+03
58,7,1.18400E+03
58,8,9.03000E+02
58,9,8.85000E+02
58,10,2.91000E+02
58,11,2.25000E+02
58,12,2.09000E+02
58,13,1.14000E+02
58,14,1.11000E+02
58,17,3.90000E+01
58,18,2.50000E+01
58,19,2.20000E+01
58,15,6.00000E+00
58,24,5.76700E+00
59,1,4.19950E+04
59,2,6.83900E+03
59,3,6.44400E+03
59,4,5.96800E+03
59,5,1.50900E+03
59,6,1.34200E+03
59,7,1.24400E+03
59,8,9.54000E+02
59,9,9.34000E+02
59,10,3.07000E+02
59,11,2.38000E+02
59,12,2.20000E+02
59,13,1.21000E+02
59,14,1.17000E+02
59,17,4.10000E+01
59,18,2.70000E+01
59,19,2.40000E+01
59,15,6.00000E+00
59,24,5.61300E+00
60,1,4.35750E+04
60,2,7.13200E+03
60,3,6.72700E+03
60,4,6.21300E+03
60,5,1.58000E+03
60,6,1.40800E+03
60,7,1.30300E+03
60,8,1.00500E+03
60,9,9.83000E+02
60,10,3.21000E+02
60,11,2.50000E+02
60,12,2.30000E+02
60,13,1.26000E+02
60,14,1.22000E+02
60,17,4.20000E+01
60,18,2.80000E+01
60,19,2.50000E+01
60,15,6.00000E+00
60,24,5.66000E+00
61,1,4.51880E+04
61,2,7.43200E+03
61,3,7.01700E+03
61,4,6.46400E+03
61,5,1.65300E+03
61,6,1.47600E+03
61,7,1.36200E+03
61,8,1.05700E+03
61,9,1.03200E+03
61,10,3.35000E+02
61,11,2.61000E+02
61,12,2.40000E+02
61,13,1.31000E+02
61,14,1.27000E+02
61,17,4.30000E+01
61,18,2.80000E+01
61,19,2.50000E+01
61,15,6.00000E+00
61,24,5.70000E+00
62,1,4.68370E+04
62,2,7.74000E+03
62,3,7.31500E+03
62,4,6.72000E+03
62,5,1.72800E+03
62,6,1.54600E+03
62,7,1.42200E+03
62,8,1.11000E+03
62,9,1.08300E+03
62,10,3.49000E+02
62,11,2.73000E+02
62,12,2.51000E+02
62,13,1.37000E+02
62,14,1.32000E+02
62,17,4.40000E+01
62,18,2.90000E+01
62,19,2.50000E+01
62,15,6.00000E+00
62,24,5.63000E+00
63,1,4.85220E+04
63,2,8.05600E+03
63,3,7.62100E+03
63,4,6.98100E+03
63,5,1.80500E+03
63,6,1.61800E+03
63,7,1.48400E+03
63,8,1.16400E+03
63,9,1.13500E+03
63,10,3.64000E+02
63,11,2.86000E+02
63,12,2.62000E+02
63,13,1.43000E+02
63,14,1.37000E+02
63,17,4.50000E+01
63,18,3.00000E+01
63,19,2.60000E+01
63,15,6.00000E+00
63,16,5.68000E+00
63,24,5.68000E+00
64,1,5.02430E+04
64,2,8.38000E+03
64,3,7.93500E+03
64,4,7.24700E+03
64,5,1.88400E+03
64,6,1.69200E+03
64,7,1.54700E+03
64,8,1.22000E+03
64,9,1.18900E+03
64,10,3.80000E+02
64,11,3.00000E+02
64,12,2.73000E+02
64,13,1.50000E+02
64,14,1.43000E+02
64,17,4.60000E+01
64,18,3.10000E+01
64,19,2.70000E+01
64,15,6.10700E+00
64,16,6.00000E+00
64,20,6.00000E+00
64,24,6.00000E+00
65,1,5.19990E+04
65,2,8.71100E+03
65,3,8.25600E+03
65,4,7.51800E+03
65,5,1.96500E+03
65,6,1.76800E+03
65,7,1.61200E+03
65,8,1.27700E+03
65,9,1.24300E+03
65,10,3.98000E+02
65,11,3.15000E+02
65,12,2.85000E+02
65,13,1.57000E+02
65,14,1.50000E+02
65,17,4.80000E+01
65,18,3.20000E+01
65,19,2.80000E+01
65,15,6.00000E+00
65,16,5.90000E+00
65,24,5.90000E+00
66,1,5.37920E+04
66,2,9.05000E+03
66,3,8.58500E+03
66,4,7.79400E+03
66,5,2.04800E+03
66,6,1.84600E+03
66,7,1.67800E+03
66,8,1.33500E+03
66,9,1.29800E+03
66,10,4.16000E+02
66,11,3.31000E+02
66,12,2.97000E+02
66,13,1.64000E+02
66,14,1.57000E+02
66,17,5.00000E+01
66,18,3.30000E+01
66,19,2.80000E+01
66,15,6.00000E+00
66,16,5.95300E+00
66,24,5.95300E+00
67,1,5.56220E+04
67,2,9.39800E+03
67,3,8.92200E+03
67,4,8.07500E+03
67,5,2.13300E+03
67,6,1.92600E+03
67,7,1.74600E+03
67,8,1.39500E+03
67,9,1.35400E+03
67,10,4.34000E+02
67,11,3.48000E+02
67,12,3.10000E+02
67,13,1.72000E+02
67,14,1.64000E+02
67,17,5.20000E+01
67,18,3.40000E+01
67,19,2.90000E+01
67,15,6.01300E+00
67,16,6.00000E+00
67,24,6.00000E+00
68,1,5.74890E+04
68,2,9.75400E+03
68,3,9.26700E+03
68,4,8.36100E+03
68,5,2.22000E+03
68,6,2.00800E+03
68,7,1.81500E+03
68,8,1.45600E+03
68,9,1.41200E+03
68,10,4.52000E+02
68,11,3.65000E+02
68,12,3.23000E+02
68,13,1.81000E+02
68,14,1.72000E+02
68,17,5.40000E+01
68,18,3.50000E+01
68,19,3.00000E+01
68,15,6.06700E+00
68,16,6.00000E+00
68,24,6.00000E+00
69,1,5.93930E+04
69,2,1.01180E+04
69,3,9.62000E+03
69,4,8.65100E+03
69,5,2.30900E+03
69,6,2.09200E+03
69,7,1.88500E+03
69,8,1.51800E+03
69,9,1.47100E+03
69,10,4.71000E+02
69,11,3.82000E+02
69,12,3.36000E+02
69,13,1.90000E+02
69,14,1.81000E+02
69,17,5.60000E+01
69,18,3.60000E+01
69,19,3.00000E+01
69,15,7.00000E+00
69,16,6.45300E+00
69,24,6.45300E+00
70,1,6.13350E+04
70,2,1.04900E+04
70,3,9.98100E+03
70,4,8.94600E+03
70,5,2.40100E+03
70,6,2.17800E+03
70,7,1.95600E+03
70,8,1.58000E+03
70,9,1.53100E+03
70,10,4.90000E+02
70,11,3.99000E+02
70,12,3.49000E+02
70,13,2.00000E+02
70,14,1.90000E+02
70,17,5.80000E+01
70,18,3.70000E+01
70,19,3.10000E+01
70,15,8.00000E+00
70,16,7.00000E+00
70,24,6.25000E+00
71,1,6.33200E+04
71,2,1.08760E+04
71,3,1.03550E+04
71,4,9.25000E+03
71,5,2.49900E+03
71,6,2.27000E+03
71,7,2.03200E+03
71,8,1.64700E+03
71,9,1.59600E+03
71,10,5.14000E+02
71,11,4.20000E+02
71,12,3.66000E+02
71,13,2.13000E+02
71,14,2.02000E+02
71,17,6.20000E+01
71,18,3.90000E+01
71,19,3.20000E+01
71,15,1.30000E+01
71,16,1.20000E+01
71,20,6.86700E+00
71,24,6.86700E+00
72,1,6.53500E+04
72,2,1.12750E+04
72,3,1.07420E+04
72,4,9.56400E+03
72,5,2.60400E+03
72,6,2.36900E+03
72,7,2.11300E+03
72,8,1.72000E+03
72,9,1.66500E+03
72,10,5.42000E+02
72,11,4.44000E+02
72,12,3.86000E+02
72,13,2.29000E+02
72,14,2.17000E+02
72,17,6.80000E+01
72,18,4.30000E+01
72,19,3.50000E+01
72,15,2.10000E+01
72,16,2.00000E+01
72,20,7.25000E+00
72,24,7.25000E+00
73,1,6.74190E+04
73,2,1.16840E+04
73,3,1.11390E+04
73,4,9.88400E+03
73,5,2.71200E+03
73,6,2.47200E+03
73,7,2.19700E+03
73,8,1.79600E+03
73,9,1.73700E+03
73,10,5.70000E+02
73,11,4.69000E+02
73,12,4.07000E+02
73,13,2.45000E+02
73,14,2.32000E+02
73,17,7.40000E+01
73,18,4.70000E+01
73,19,3.80000E+01
73,15,3.00000E+01
73,16,2.80000E+01
73,20,8.14000E+00
73,24,8.14000E+00
74,1,6.95290E+04
74,2,1.21030E+04
74,3,1.15460E+04
74,4,1.02090E+04
74,5,2.82300E+03
74,6,2.57700E+03
74,7,2.28300E+03
74,8,1.87400E+03
74,9,1.81100E+03
74,10,5.99000E+02
74,11,4.95000E+02
74,12,4.28000E+02
74,13,2.61000E+02
74,14,2.48000E+02
74,17,8.00000E+01
74,18,5.10000E+01
74,19,4.10000E+01
74,15,3.80000E+01
74,16,3.60000E+01
74,20,8.66700E+00
74,24,8.66700E+00
75,1,7.16810E+04
75,2,1.25320E+04
75,3,1.19630E+04
75,4,1.05400E+04
75,5,2.93700E+03
75,6,2.68600E+03
75,7,2.37100E+03
75,8,1.95300E+03
75,9,1.88700E+03
75,10,6.29000E+02
75,11,5.22000E+02
75,12,4.50000E+02
75,13,2.78000E+02
75,14,2.64000E+02
75,17,8.60000E+01
75,18,5.60000E+01
75,19,4.50000E+01
75,15,4.70000E+01
75,16,4.50000E+01
75,20,9.60000E+00
75,21,8.75000E+00
75,24,8.75000E+00
76,1,7.38760E+04
76,2,1.29720E+04
76,3,1.23900E+04
76,4,1.08760E+04
76,5,3.05400E+03
76,6,2.79700E+03
76,7,2.46100E+03
76,8,2.03500E+03
76,9,1.96400E+03
76,10,6.60000E+02
76,11,5.51000E+02
76,12,4.73000E+02
76,13,2.95000E+02
76,14,2.80000E+02
76,17,9.20000E+01
76,18,6.10000E+01
76,19,4.90000E+01
76,15,5.60000E+01
76,16,5.40000E+01
76,20,9.60000E+00
76,21,8.86700E+00
76,24,8.86700E+00
77,1,7.61150E+04
77,2,1.34220E+04
77,3,1.28280E+04
77,4,1.12190E+04
77,5,3.17500E+03
77,6,2.91200E+03
77,7,2.55400E+03
77,8,2.11900E+03
77,9,2.04400E+03
77,10,6.93000E+02
77,11,5.81000E+02
77,12,4.97000E+02
77,13,3.14000E+02
77,14,2.98000E+02
77,17,9.90000E+01
77,18,6.60000E+01
77,19,5.30000E+01
77,15,6.70000E+01
77,16,6.40000E+01
77,20,9.60000E+00
77,21,9.60000E+00
77,24,9.26700E+00
78,1,7.83990E+04
78,2,1.38830E+04
78,3,1.32770E+04
78,4,1.15670E+04
78,5,3.30000E+03
78,6,3.03000E+03
78,7,2.64900E+03
78,8,2.20600E+03
78,9,2.12600E+03
78,10,7.27000E+02
78,11,6.12000E+02
78,12,5.22000E+02
78,13,3.35000E+02
78,14,3.18000E+02
78,17,1.06000E+02
78,18,7.10000E+01
78,19,5.70000E+01
78,15,7.80000E+01
78,16,7.50000E+01
78,20,9.60000E+00
78,21,9.60000E+00
78,24,9.00000E+00
79,1,8.07290E+04
79,2,1.43560E+04
79,3,1.37380E+04
79,4,1.19230E+04
79,5,3.43000E+03
79,6,3.15300E+03
79,7,2.74800E+03
79,8,2.29500E+03
79,9,2.21000E+03
79,10,7.64000E+02
79,11,6.45000E+02
79,12,5.48000E+02
79,13,3.57000E+02
79,14,3.39000E+02
79,17,1.14000E+02
79,18,7.60000E+01
79,19,6.10000E+01
79,15,9.10000E+01
79,16,8.70000E+01
79,20,1.25000E+01
79,21,1.11000E+01
79,24,9.23000E+00
80,1,8.31080E+04
80,2,1.48450E+04
80,3,1.42140E+04
80,4,1.22880E+04
80,5,3.56700E+03
80,6,3.28300E+03
80,7,2.85200E+03
80,8,2.39000E+03
80,9,2.30000E+03
80,10,8.06000E+02
80,11,6.83000E+02
80,12,5.79000E+02
80,13,3.82000E+02
80,14,3.63000E+02
80,17,1.25000E+02
80,18,8.50000E+01
80,19,6.80000E+01
80,15,1.07000E+02
80,16,1.03000E+02
80,20,1.40000E+01
80,21,1.17710E+01
80,24,1.04000E+01
81,1,8.55360E+04
81,2,1.53500E+04
81,3,1.47040E+04
81,4,1.26620E+04
81,5,3.71000E+03
81,6,3.42000E+03
81,7,2.96100E+03
81,8,2.49000E+03
81,9,2.39400E+03
81,10,8.52000E+02
81,11,7.26000E+02
81,12,6.15000E+02
81,13,4.11000E+02
81,14,3.91000E+02
81,17,1.39000E+02
81,18,9.80000E+01
81,19,7.90000E+01
81,15,1.27000E+02
81,16,1.23000E+02
81,20,2.10000E+01
81,21,1.90000E+01
81,24,8.00000E+00
81,25,6.11000E+00
82,1,8.80110E+04
82,2,1.58670E+04
82,3,1.52060E+04
82,4,1.30410E+04
82,5,3.85700E+03
82,6,3.56000E+03
82,7,3.07200E+03
82,8,2.59200E+03
82,9,2.49000E+03
82,10,8.99000E+02
82,11,7.69000E+02
82,12,6.51000E+02
82,13,4.41000E+02
82,14,4.19000E+02
82,17,1.53000E+02
82,18,1.11000E+02
82,19,9.00000E+01
82,15,1.48000E+02
82,16,1.44000E+02
82,20,2.70000E+01
82,21,2.50000E+01
82,24,1.00000E+01
82,25,7.42000E+00
83,1,9.05340E+04
83,2,1.63960E+04
83,3,1.57190E+04
83,4,1.34260E+04
83,5,4.00700E+03
83,6,3.70400E+03
83,7,3.18500E+03
83,8,2.69600E+03
83,9,2.58800E+03
83,10,9.46000E+02
83,11,8.13000E+02
83,12,6.87000E+02
83,13,4.72000E+02
83,14,4.48000E+02
83,17,1.67000E+02
83,18,1.25000E+02
83,19,1.01000E+02
83,15,1.70000E+02
83,16,1.65000E+02
83,20,3.40000E+01
83,21,3.20000E+01
83,24,1.20000E+01
83,25,7.29000E+00
83,26,7.29000E+00
84,1,9.31060E+04
84,2,1.69370E+04
84,3,1.62440E+04
84,4,1.38160E+04
84,5,4.16100E+03
84,6,3.85200E+03
84,7,3.30100E+03
84,8,2.80200E+03
84,9,2.68700E+03
84,10,9.94000E+02
84,11,8.58000E+02
84,12,7.24000E+02
84,13,5.03000E+02
84,14,4.78000E+02
84,17,1.81000E+02
84,18,1.39000E+02
84,19,1.12000E+02
84,15,1.93000E+02
84,16,1.87000E+02
84,20,4.10000E+01
84,21,3.80000E+01
84,24,1.17150E+01
84,25,1.17150E+01
84,26,8.43000E+00
85,1,9.57290E+04
85,2,1.74900E+04
85,3,1.67820E+04
85,4,1.42120E+04
85,5,4.32000E+03
85,6,4.00500E+03
85,7,3.42000E+03
85,8,2.91000E+03
85,9,2.78800E+03
85,10,1.04400E+03
85,11,9.04000E+02
85,12,7.61000E+02
85,13,5.35000E+02
85,14,5.08000E+02
85,17,1.96000E+02
85,18,1.53000E+02
85,19,1.23000E+02
85,15,2.17000E+02
85,16,2.11000E+02
85,20,4.80000E+01
85,21,4.40000E+01
85,24,1.90000E+01
85,25,1.10000E+01
85,26,9.30000E+00
86,1,9.84040E+04
86,2,1.80550E+04
86,3,1.73340E+04
86,4,1.46150E+04
86,5,4.48300E+03
86,6,4.16200E+03
86,7,3.54200E+03
86,8,3.01900E+03
86,9,2.89000E+03
86,10,1.09600E+03
86,11,9.51000E+02
86,12,7.98000E+02
86,13,5.67000E+02
86,14,5.38000E+02
86,17,2.12000E+02
86,18,1.67000E+02
86,19,1.34000E+02
86,15,2.42000E+02
86,16,2.35000E+02
86,20,5.50000E+01
86,21,5.10000E+01
86,24,2.40000E+01
86,25,1.40000E+01
86,26,1.07000E+01
87,1,1.01134E+05
87,2,1.86370E+04
87,3,1.79030E+04
87,4,1.50280E+04
87,5,4.65200E+03
87,6,4.32400E+03
87,7,3.66600E+03
87,8,3.13400E+03
87,9,2.99800E+03
87,10,1.15300E+03
87,11,1.00300E+03
87,12,8.39000E+02
87,13,6.03000E+02
87,14,5.72000E+02
87,17,2.31000E+02
87,18,1.83000E+02
87,19,1.47000E+02
87,15,2.68000E+02
87,16,2.60000E+02
87,20,6.50000E+01
87,21,6.10000E+01
87,24,3.30000E+01
87,25,1.90000E+01
87,26,1.40000E+01
87,29,4.00000E+00
88,1,1.03919E+05
88,2,1.92370E+04
88,3,1.84880E+04
88,4,1.54490E+04
88,5,4.82700E+03
88,6,4.49100E+03
88,7,3.79300E+03
88,8,3.25400E+03
88,9,3.11100E+03
88,10,1.21400E+03
88,11,1.06000E+03
88,12,8.84000E+02
88,13,6.42000E+02
88,14,6.09000E+02
88,17,2.53000E+02
88,18,2.01000E+02
88,19,1.61000E+02
88,15,2.96000E+02
88,16,2.87000E+02
88,20,7.70000E+01
88,21,7.30000E+01
88,24,4.00000E+01
88,25,2.50000E+01
88,26,1.90000E+01
88,29,5.28000E+00
89,1,1.06759E+05
89,2,1.98500E+04
89,3,1.90860E+04
89,4,1.58740E+04
89,5,5.00500E+03
89,6,4.66100E+03
89,7,3.92100E+03
89,8,3.37400E+03
89,9,3.22300E+03
89,10,1.27400E+03
89,11,1.11600E+03
89,12,9.28000E+02
89,13,6.80000E+02
89,14,6.45000E+02
89,17,2.74000E+02
89,18,2.18000E+02
89,19,1.74000E+02
89,15,3.22000E+02
89,16,3.13000E+02
89,20,8.80000E+01
89,21,8.30000E+01
89,24,4.50000E+01
89,25,2.90000E+01
89,26,2.20000E+01
89,27,6.10000E+00
89,29,6.10000E+00
90,1,1.09654E+05
90,2,2.04750E+04
90,3,1.96960E+04
90,4,1.63030E+04
90,5,5.18500E+03
90,6,4.83300E+03
90,7,4.04900E+03
90,8,3.49400E+03
90,9,3.33500E+03
90,10,1.33300E+03
90,11,1.17100E+03
90,12,9.70000E+02
90,13,7.17000E+02
90,14,6.79000E+02
90,17,2.93000E+02
90,18,2.33000E+02
90,19,1.85000E+02
90,15,3.47000E+02
90,16,3.38000E+02
90,20,9.70000E+01
90,21,9.10000E+01
90,24,5.00000E+01
90,25,3.30000E+01
90,26,2.50000E+01
90,27,6.00000E+00
90,29,6.00000E+00
91,1,1.12604E+05
91,2,2.11120E+04
91,3,2.03180E+04
91,4,1.67350E+04
91,5,5.36800E+03
91,6,5.00800E+03
91,7,4.17800E+03
91,8,3.61300E+03
91,9,3.44600E+03
91,10,1.39000E+03
91,11,1.22500E+03
91,12,1.01100E+03
91,13,7.52000E+02
91,14,7.12000E+02
91,17,3.12000E+02
91,18,2.48000E+02
91,19,1.95000E+02
91,15,3.72000E+02
91,16,3.62000E+02
91,20,1.04000E+02
91,21,9.70000E+01
91,24,5.00000E+01
91,25,3.20000E+01
91,26,2.40000E+01
91,22,6.00000E+00
91,27,6.00000E+00
91,29,6.00000E+00
92,1,1.15611E+05
92,2,2.17620E+04
92,3,2.09530E+04
92,4,1.71710E+04
92,5,5.55300E+03
92,6,5.18700E+03
92,7,4.30800E+03
92,8,3.73300E+03
92,9,3.55700E+03
92,10,1.44600E+03
92,11,1.27800E+03
92,12,1.05000E+03
92,13,7.85000E+02
92,14,7.43000E+02
92,17,3.29000E+02
92,18,2.61000E+02
92,19,2.03000E+02
92,15,3.96000E+02
92,16,3.86000E+02
92,20,1.10000E+02
92,21,1.01000E+02
92,24,5.20000E+01
92,25,3.40000E+01
92,26,2.40000E+01
92,22,6.03300E+00
92,27,6.00000E+00
92,29,6.00000E+00
93,1,1.18676E+05
93,2,2.24270E+04
93,3,2.16020E+04
93,4,1.76120E+04
93,5,5.74200E+03
93,6,5.37000E+03
93,7,4.44000E+03
93,8,3.85400E+03
93,9,3.66900E+03
93,10,1.50400E+03
93,11,1.33100E+03
93,12,1.08900E+03
93,13,8.19000E+02
93,14,7.74000E+02
93,17,3.46000E+02
93,18,2.74000E+02
93,19,2.11000E+02
93,15,4.21000E+02
93,16,4.10000E+02
93,20,1.16000E+02
93,21,1.06000E+02
93,24,5.40000E+01
93,25,3.50000E+01
93,26,2.50000E+01
93,22,6.00000E+00
93,27,6.00000E+00
93,29,6.00000E+00
94,1,1.21800E+05
94,2,2.31090E+04
94,3,2.22670E+04
94,4,1.80590E+04
94,5,5.93600E+03
94,6,5.55700E+03
94,7,4.57400E+03
94,8,3.97700E+03
94,9,3.78300E+03
94,10,1.56300E+03
94,11,1.38400E+03
94,12,1.12800E+03
94,13,8.53000E+02
94,14,8.05000E+02
94,17,3.56000E+02
94,18,2.87000E+02
94,19,2.19000E+02
94,15,4.46000E+02
94,16,4.34000E+02
94,20,1.22000E+02
94,21,1.11000E+02
94,24,5.30000E+01
94,25,3.40000E+01
94,26,2.30000E+01
94,22,6.00000E+00
94,29,6.00000E+00
95,1,1.24984E+05
95,2,2.38030E+04
95,3,2.29490E+04
95,4,1.85120E+04
95,5,6.13500E+03
95,6,5.74800E+03
95,7,4.71000E+03
95,8,4.10200E+03
95,9,3.89800E+03
95,10,1.62300E+03
95,11,1.43900E+03
95,12,1.16700E+03
95,13,8.87000E+02
95,14,8.36000E+02
95,17,3.55000E+02
95,18,3.01000E+02
95,19,2.20000E+02
95,15,4.67000E+02
95,16,4.52000E+02
95,20,1.23000E+02
95,21,1.12000E+02
95,24,5.40000E+01
95,25,4.40000E+01
95,26,3.60000E+01
95,22,6.00000E+00
95,27,6.00000E+00
95,29,6.00000E+00
96,1,1.28261E+05
96,2,2.45230E+04
96,3,2.36540E+04
96,4,1.89740E+04
96,5,6.31300E+03
96,6,5.94600E+03
96,7,4.82800E+03
96,8,4.23600E+03
96,9,4.01400E+03
96,10,1.66400E+03
96,11,1.49300E+03
96,12,1.19400E+03
96,13,9.19000E+02
96,14,8.64000E+02
96,17,3.84000E+02
96,18,3.14000E+02
96,19,2.39000E+02
96,15,4.94000E+02
96,16,4.79000E+02
96,20,1.26000E+02
96,21,1.19000E+02
96,24,6.00000E+01
96,25,3.90000E+01
96,26,2.70000E+01
96,22,1.10000E+01
96,23,1.10000E+01
96,27,5.66700E+00
96,29,5.66700E+00
97,1,1.31586E+05
97,2,2.52600E+04
97,3,2.43720E+04
97,4,1.94400E+04
97,5,6.52300E+03
97,6,6.14900E+03
97,7,4.96800E+03
97,8,4.36600E+03
97,9,4.13300E+03
97,10,1.72900E+03
97,11,1.55400E+03
97,12,1.23600E+03
97,13,9.55000E+02
97,14,8.98000E+02
97,17,4.01000E+02
97,18,3.29000E+02
97,19,2.48000E+02
97,15,5.20000E+02
97,16,5.04000E+02
97,20,1.42000E+02
97,21,1.24000E+02
97,24,6.30000E+01
97,25,4.10000E+01
97,26,2.70000E+01
97,22,1.20000E+01
97,23,1.20000E+01
97,27,5.33300E+00
97,29,5.33300E+00
98,1,1.34967E+05
98,2,2.60080E+04
98,3,2.51030E+04
98,4,1.99070E+04
98,5,6.73300E+03
98,6,6.35200E+03
98,7,5.10300E+03
98,8,4.49200E+03
98,9,4.24700E+03
98,10,1.78900E+03
98,11,1.61000E+03
98,12,1.27300E+03
98,13,9.87000E+02
98,14,9.25000E+02
98,17,4.12000E+02
98,18,3.38000E+02
98,19,2.51000E+02
98,15,5.46000E+02
98,16,5.29000E+02
98,20,1.42000E+02
98,21,1.29000E+02
98,24,6.10000E+01
98,25,3.90000E+01
98,26,2.50000E+01
98,22,9.00000E+00
98,23,9.00000E+00
98,27,7.00000E+00
98,29,7.00000E+00
99,1,1.38440E+05
99,2,2.67810E+04
99,3,2.58590E+04
99,4,2.03830E+04
99,5,6.95400E+03
99,6,6.56600E+03
99,7,5.24700E+03
99,8,4.62500E+03
99,9,4.36900E+03
99,10,1.85700E+03
99,11,1.67400E+03
99,12,1.31600E+03
99,13,1.02400E+03
99,14,9.59000E+02
99,17,4.29000E+02
99,18,3.53000E+02
99,19,2.60000E+02
99,15,5.73000E+02
99,16,5.54000E+02
99,20,1.48000E+02
99,21,1.35000E+02
99,22,9.00000E+00
99,23,9.00000E+00
99,24,6.30000E+01
99,25,4.00000E+01
99,26,2.50000E+01
99,27,7.00000E+00
99,29,7.00000E+00
